ID, NAME, LONGNAME, MODE, OPERATOR, HEADWAY[1], HEADWAY[2], HEADWAY[3], WAITCURVE, TIMEFAC[1],USERA1, USERA2, USERA3, USERA4
1 , M43L95PO , RTE 95:OB,42,451,,,120,6,,,,,44
2 , M16L110PM , RTE 95X: I95 EXP BRKL->GOLDEN GL,24,252,,,26,5,,SV   ,95X  ,1812 ,26   
3 , M16L112PM , RTE 95X: I95 EXP GOLDEN GLADES->,24,252,,,210,5,1.2,SV   ,95X  ,1812 ,26   
4 , M16L113PM , RTE 95X: I95 EXP AVENT -> GOLDEN,24,252,,,52,5,1.2,SV   ,95X  ,1812 ,26   
5 , M23L60MI , RTE 52: DADELAND S -> GABLES N/B,21,292,,,30,,1.2,SV   ,52   ,1920 ,23   
6 , M23L60MO , RTE 52: GABLES ->  DADELAND S S/,21,292,,,60,,1.2,SV   ,52   ,1920 ,23   
7 , M23L310MO , RTE 49: 183RD WB                ,21,292,,,30,,1.2,     ,     ,     ,23   
8 , M23L311MO , RTE 59: AVENTURA EB             ,21,292,,,30,,,     ,     ,     ,23   
9 , M23L320MO , RTE 136 DADELAND S WB           ,21,292,,,60,,1.2,     ,     ,     ,23   
10 , M23L321MI , RTE 136 CUTLER EB               ,21,292,,,60,,1.2,     ,     ,     ,23   
11 , M23L325MD , RTE 302 CARD SOUND              ,21,292,,,90,,1.2,     ,     ,     ,23   
12 , M43L1PO , RTE 1: SB                       ,41,492,20,20,15,,1.2,TAW  ,1    ,7172 ,43   
13 , M43L1PI , RTE 1: NB                       ,41,492,17,20,20,,1.2,TAW  ,1    ,7172 ,43   
14 , M43L2PI , RTE 2: SB,41,492,30,30,30,,1.2,TAW,2,3320,43
15 , M43L2PO , RTE 2: NB                       ,41,492,30,30,30,,1.2,TAW  ,2    ,3320 ,43   
16 , M43L3PI , RTE 3: SB                       ,41,492,60,60,60,,1.2,TAW  ,3    ,2889 ,43   
17 , M43L3PO , RTE 3: NB                       ,41,492,60,60,60,,1.2,TAW  ,3    ,2889 ,43   
18 , M43L300PI , RTE 3: SB (VA to Town Center)   ,41,492,60,60,60,,1.2,TAW  ,3    ,2889 ,43   
19 , M43L300PO , RTE 3: NB (VA to Town Center)   ,41,492,60,60,60,,1.2,TAW  ,3    ,2889 ,43   
20 , M43L4PO , RTE 4: NB                       ,41,492,60,60,60,,1.2,TAW  ,4    ,151  ,43   
21 , M43L4PI , RTE 4: SB                       ,41,492,60,60,60,,1.2,TAW  ,4    ,151  ,43   
22 , M43L20PI , RTE 20: SB                      ,41,492,60,60,60,,1.2,TAW  ,20   ,298  ,43   
23 , M43L20PO , RTE 20: NB                      ,41,492,60,60,60,,1.2,TAW  ,20   ,298  ,43   
24 , M43L30PI , RTE 30: WB (AM Route)           ,41,492,30,60,30,,1.2,TAW  ,30   ,406  ,43   
25 , M43L30PO , RTE 30: EB (AM Route)           ,41,492,30,60,30,,1.2,TAW  ,30   ,406  ,43   
26 , M43L301PI , RTE 30: WB (MD Route)           ,41,492,30,60,30,,1.2,TAW  ,30   ,406  ,43   
27 , M43L301PO , RTE 30: EB (MD Route)           ,41,492,30,60,30,,1.2,TAW  ,30   ,406  ,43   
28 , M43L31PI , RTE 31: SB                      ,41,492,30,30,30,,1.2,TAW  ,31   ,1055 ,43   
29 , M43L31PO , RTE 31: NB                      ,41,492,30,30,30,,1.2,TAW  ,31   ,1055 ,43   
30 , M43L33PO , RTE 33: NB                      ,41,492,30,60,30,,1.2,TAW  ,33   ,564  ,43   
31 , M43L33PI , RTE 33: SB                      ,41,492,30,60,30,,1.2,TAW  ,33   ,564  ,43   
32 , M43L40PI , RTE 40: WB (to WPB TRL)         ,41,492,60,60,60,,1.2,TAW  ,40   ,782  ,43   
33 , M43L40PO , RTE 40: EB (to WPB TRL)         ,41,492,60,60,60,,1.2,TAW  ,40   ,782  ,43   
34 , M43L400PI , RTE 40CB: WB                    ,41,492,60,60,60,,1.2,TAW  ,40   ,782  ,43   
35 , M43L400PO , RTE 40CB: EB                    ,41,492,60,60,60,,1.2,TAW  ,40   ,782  ,43   
36 , M43L41PI , RTE 41: SB                      ,41,492,75,60,75,,1.2,TAW  ,41   ,133  ,43   
37 , M43L41PO , RTE 41: NB                      ,41,492,75,60,75,,1.2,TAW  ,41   ,133  ,43   
38 , M43L43PO , RTE 43: NB                      ,41,492,30,30,30,,1.2,TAW  ,43   ,1701 ,43   
39 , M43L43PI , RTE 43: SB                      ,41,492,30,30,30,,1.2,TAW  ,43   ,1701 ,43   
40 , M43L44PO , RTE 44: EB                      ,41,492,30,60,30,,1.2,TAW  ,44   ,382  ,43   
41 , M43L44PI , RTE 44: WB                      ,41,492,30,60,30,,1.2,TAW  ,44   ,382  ,43   
42 , M43L45PO , RTE 45: NB                      ,41,492,60,60,60,,1.2,TAW  ,45   ,159  ,43   
43 , M43L45PI , RTE 45: SB                      ,41,492,60,60,60,,1.2,TAW  ,45   ,159  ,43   
44 , M43L46PO , RTE 46: EB                      ,41,492,30,60,30,,1.2,TAW  ,46   ,666  ,43   
45 , M43L46PI , RTE 46: WB                      ,41,492,30,60,30,,1.2,TAW  ,46   ,666  ,43   
46 , M43L47PO , RTE 47: NB                      ,41,492,60,60,60,,1.2,TAW  ,47   ,659  ,43   
47 , M43L47PI , RTE 47: SB                      ,41,492,60,60,60,,1.2,TAW  ,47   ,659  ,43   
48 , M43L48PO , RTE 48: NB                      ,41,492,60,60,60,,1.2,TAW  ,48   ,533  ,43   
49 , M43L48PI , RTE 48: SB                      ,41,492,60,60,60,,1.2,TAW  ,48   ,533  ,43   
50 , M43L52PB , RTE 52: Circular                ,41,492,60,60,60,,1.2,TAW  ,52   ,147  ,43   
51 , M43L60PO , RTE 60: EB                      ,41,492,60,60,60,,1.2,TAW  ,60   ,122  ,43   
52 , M43L60PI , RTE 60: WB                      ,41,492,60,60,60,,1.2,TAW  ,60   ,122  ,43   
53 , M43L61PO , RTE 61: EB                      ,41,492,60,60,60,,1.2,TAW  ,61   ,414  ,43   
54 , M43L61PI , RTE 61: WB                      ,41,492,60,60,60,,1.2,TAW  ,61   ,414  ,43   
55 , M43L62PI , RTE 62: WB                      ,41,492,30,30,30,,1.2,TAW  ,62   ,1086 ,43   
56 , M43L62PO , RTE 62: EB                      ,41,492,30,30,30,,1.2,TAW  ,62   ,1086 ,43   
57 , M43L63PO , RTE 63: EB                      ,41,492,60,60,60,,1.2,TAW  ,63   ,275  ,43   
58 , M43L63PI , RTE 63: WB                      ,41,492,60,60,60,,1.2,TAW  ,63   ,275  ,43   
59 , M43L64PO , RTE 64: WB                      ,41,492,60,60,60,,1.2,TAW  ,64   ,180  ,43   
60 , M43L64PI , RTE 64: EB                      ,41,492,60,60,60,,1.2,TAW  ,64   ,180  ,43   
61 , M43L70PO , RTE 70: NB                      ,41,492,30,60,30,,1.2,TAW  ,70   ,950  ,43   
62 , M43L70PI , RTE 70: SB                      ,41,492,30,60,30,,1.2,TAW  ,70   ,950  ,43   
63 , M43L71PO , RTE 71:NB                       ,41,492,60,60,60,,1.2,TAW  ,71   ,579  ,43   
64 , M43L71PI , RTE 71:SB                       ,41,492,60,60,60,,1.2,TAW  ,71   ,579  ,43   
65 , M43L73PO , RTE 73:EB                       ,41,492,60,60,60,,,TAW  ,73   ,176  ,43   
66 , M43L73PI , RTE 73:WB                       ,41,492,60,60,60,,,TAW  ,73   ,176  ,43   
67 , M43L80PI , RTE 80: SB                      ,41,492,60,60,60,,1.2,TAW  ,80   ,371  ,43   
68 , M43L80PO , RTE 80: NB                      ,41,492,60,60,60,,1.2,TAW  ,80   ,371  ,43   
69 , M43L81PO , RTE 81: EB                      ,41,492,60,60,60,,1.2,TAW  ,81   ,369  ,43   
70 , M43L81PI , RTE 81: WB                      ,41,492,60,60,60,,1.2,TAW  ,81   ,369  ,43   
71 , M43L91PI , RTE 91: WB                      ,41,492,60,60,60,,1.2,TAW  ,91   ,939  ,43   
72 , M43L91PO , RTE 91: EB                      ,41,492,60,60,60,,1.2,TAW  ,91   ,939  ,43   
73 , M43L910PI , RTE 91: WB (to CV)              ,41,492,60,60,60,,1.2,TAW  ,91   ,939  ,43   
74 , M43L910PO , RTE 91: EB (to CV)              ,41,492,60,60,60,,1.2,TAW  ,91   ,939  ,43   
75 , M43L92PO , RTE 92: EB                      ,41,492,60,60,60,,1.2,TAW  ,92   ,331  ,43   
76 , M43L92PI , RTE 92: WB                      ,41,492,60,60,60,,1.2,TAW  ,92   ,331  ,43   
77 , M43L94PI , RTE 94: WB                      ,41,492,20,30,20,,1.2,TAW  ,94   ,203  ,43   
78 , M43L94PO , RTE 94: EB                      ,41,492,20,30,20,,1.2,TAW  ,94   ,203  ,43   
79 , M43L10PI , RTE 10:SB                       ,41,492,60,60,60,,1.2,     ,     ,     ,43   
80 , M43L10PO , RTE 10:NB                       ,41,492,60,60,60,,1.2,     ,     ,     ,43   
81 , M43L21PI , RTE 21:SB                       ,41,492,60,60,60,,1.2,     ,     ,     ,43   
82 , M43L21PO , RTE 21:NB                       ,41,492,75,60,60,,1.2,     ,     ,     ,43   
83 , M43L49PI , RTE 49:IB                       ,41,492,60,60,60,,1.2,     ,     ,     ,43   
84 , M43L49PO , RTE 49:OB                       ,41,492,75,60,75,,1.2,     ,     ,     ,43   
85 , M43L95PI , RTE 95:IB,42,451,120,60,75,6,1.2,,,,44
86 , M43L11PI , RTE 11:IB,42,451,120,60,120,6,1.2,,,,44
87 , M43L11PO , RTE 11:OB,42,451,120,60,120,6,1.2,,,,44
88 , M11L204PI , RTE T4: Boca Raton Shuttle      ,12,191,15,0,15,,1.2,TAW  ,BOCA ,35   ,11   
89 , M11L204PO , RTE T4: Boca Raton Shuttle      ,12,191,15,0,15,,1.2,TAW  ,BOCA ,35   ,11   
90 , M11L300PI , LAKE WORTH NB                   ,12,191,35,0,35,,1.2,     ,     ,     ,11   
91 , M11L300PO , LAKE WORTH SB                   ,12,191,35,0,35,,1.2,     ,     ,     ,11   
92 , M11L302PB , APOC W                          ,12,191,15,30,15,,1.2,     ,     ,     ,11   
93 , M11L303PB , APOC EAB                        ,12,191,15,30,15,,1.2,     ,     ,     ,11   
94 , M11L304PB , TREX                            ,12,191,23,23,30,,1.2,     ,     ,     ,11   
95 , M11L305PB , DELRAY 1                        ,12,191,15,15,15,,1.2,     ,     ,     ,11   
96 , M11L306PB , DELRAY 2                        ,12,191,15,15,15,,1.2,     ,     ,     ,11   
97 , M11L307PB , DELRAY 2                        ,12,191,30,60,30,,1.2,     ,     ,     ,11   
98 , M33L1BO , RTE 1: SB                       ,31,392,17,18,18,,1.2,TAW  ,1    ,8069 ,33   
99 , M33L1BI , RTE 1:NB                        ,31,392,17,18,18,,1.2,TAW  ,1    ,8069 ,33   
100 , M33L2BO , RTE 2:NB                        ,31,392,20,30,20,,,TAW  ,2    ,7006 ,33   
101 , M33L4BO , RTE 4:SB                        ,31,392,45,45,45,,1.2,TAW  ,4    ,1368 ,33   
102 , M33L4BI , RTE 4:NB                        ,31,392,45,45,45,,1.2,TAW  ,4    ,1368 ,33   
103 , M33L5BO , RTE 5:WB                        ,31,392,45,45,45,,1.2,TAW  ,5    ,1548 ,33   
104 , M33L5BI , RTE 5:EB                        ,31,392,45,45,45,,1.2,TAW  ,5    ,1548 ,33   
105 , M33L500BO , RTE 5:WB (to hospital)          ,31,392,60,60,60,,1.2,TAW  ,5    ,1548 ,33   
106 , M33L500BI , RTE 5:EB (to hospital)          ,31,392,60,60,60,,1.2,TAW  ,5    ,1548 ,33   
107 , M33L7BI , RTE 7:WB                        ,31,392,20,20,20,,1.2,TAW  ,7    ,4307 ,33   
108 , M33L7BO , RTE 7:EB                        ,31,392,20,20,20,,1.2,TAW  ,7    ,4307 ,33   
109 , M33L9BO , RTE 9:SB                        ,31,392,45,45,45,,,TAW  ,9    ,2530 ,33   
110 , M33L9BI , RTE 9:NB                        ,31,392,45,45,45,,,TAW  ,9    ,2530 ,33   
111 , M33L10BO , RTE 10: NB                      ,31,392,30,30,30,,1.2,TAW  ,10   ,3909 ,33   
112 , M33L10BI , RTE 10: SB                      ,31,392,30,30,30,,1.2,TAW  ,10   ,3909 ,33   
113 , M33L11BO , RTE 11: WB                      ,31,392,40,40,40,,1.2,TAW  ,11   ,4013 ,33   
114 , M33L11BI , RTE 11: EB                      ,31,392,40,40,40,,1.2,TAW  ,11   ,4013 ,33   
115 , M33L14BO , RTE 14:SB                       ,31,392,20,35,45,,1.2,TAW  ,14   ,4566 ,33   
116 , M33L14BI , RTE 14:NB                       ,31,392,20,35,45,,1.2,TAW  ,14   ,4566 ,33   
117 , M33L15BO , RTE 15: SB                      ,31,392,60,0,60,,1.2,TAW  ,15   ,705  ,33   
118 , M33L15BI , RTE 15: SB                      ,31,392,60,0,60,,1.2,TAW  ,15   ,705  ,33   
119 , M33L16BO , RTE 16:Pembroke Lakes to Dania B,31,392,30,60,30,,1.2,SV   ,60   ,4894 ,33   
120 , M33L16BI , RTE 16:Pembroke Lakes to Dania B,31,392,30,60,30,,1.2,SV   ,60   ,4894 ,33   
121 , M33L17BO , RTE 17: NB                      ,31,392,60,60,60,,1.2,TAW  ,17   ,548  ,33   
122 , M33L17BI , RTE 17: SB                      ,31,392,60,60,60,,1.2,TAW  ,17   ,548  ,33   
123 , M33L18BO , RTE 18: NB                      ,31,392,17,17,18,,,TAW  ,18   ,14272,33   
124 , M33L18BI , RTE 18:SB                       ,31,392,17,17,18,,1.2,TAW  ,18   ,14272,33   
125 , M33L20BO , RTE 20:NB                       ,31,392,45,45,45,,1.2,TAW  ,20   ,1618 ,33   
126 , M33L20BI , RTE 20:SB                       ,31,392,45,45,45,,1.2,TAW  ,20   ,1618 ,33   
127 , M33L22BO , RTE 22:EB                       ,31,392,30,30,30,,1.2,TAW  ,22   ,4636 ,33   
128 , M33L22BI , RTE 22:WB                       ,31,392,15,15,15,,1.2,TAW  ,22   ,4636 ,33   
129 , M33L220BO , RTE 22CB:EB                     ,31,392,30,40,30,,1.2,TAW  ,22   ,4636 ,33   
130 , M33L220BI , RTE 22CB:WB                     ,31,392,30,40,30,,1.2,TAW  ,22   ,4636 ,33   
131 , M33L23BO , RTE 23: NB                      ,31,392,40,60,40,,,TAW  ,23   ,538  ,33   
132 , M33L23BI , RTE 23: SB                      ,31,392,40,60,40,,,TAW  ,23   ,538  ,33   
133 , M33L28BO , RTE 28:WB                       ,31,392,20,30,20,,1.2,TAW  ,28   ,3084 ,33   
134 , M33L28BI , RTE 28:EB                       ,31,392,20,30,20,,1.2,TAW  ,28   ,3084 ,33   
135 , M33L30BO , RTE 30: WB                      ,31,392,20,20,20,,1.2,TAW  ,30   ,2390 ,33   
136 , M33L30BI , RTE 30: EB                      ,31,392,20,20,20,,1.2,TAW  ,30   ,2390 ,33   
137 , M33L31BO , RTE 31:SB                       ,31,392,20,30,20,,1.2,TAW  ,31   ,3656 ,33   
138 , M33L31BI , RTE 31:NB                       ,31,392,20,30,20,,1.2,TAW  ,31   ,3656 ,33   
139 , M33L34BO , RTE 34: EB                      ,31,392,20,20,20,,1.2,TAW  ,34   ,2685 ,33   
140 , M33L34BI , RTE 34: WB                      ,31,392,20,20,20,,1.2,TAW  ,34   ,2685 ,33   
141 , M33L36BI , RTE 36: WB                      ,31,392,20,20,20,,1.2,TAW  ,36   ,7642 ,33   
142 , M33L40BO , RTE 40: EB                      ,31,392,20,30,20,,1.2,TAW  ,40   ,4520 ,33   
143 , M33L40BI , RTE 40:WB                       ,31,392,20,30,20,,1.2,TAW  ,40   ,4520 ,33   
144 , M33L50BO , RTE 50: NB                      ,31,392,20,30,20,,1.2,TAW  ,50   ,5462 ,33   
145 , M33L50BI , RTE 50: SB                      ,31,392,20,30,20,,1.2,TAW  ,50   ,5462 ,33   
146 , M33L60BO , RTE 60:SB                       ,31,392,20,30,20,,1.2,TAW  ,60   ,4894 ,33   
147 , M33L60BI , RTE 60:NB                       ,31,392,20,30,20,,1.2,TAW  ,60   ,4894 ,33   
148 , M33L72BO , RTE 72: EB                      ,31,392,15,20,15,,1.2,TAW  ,72   ,7552 ,33   
149 , M33L72BI , RTE 72: WB                      ,31,392,15,20,15,,1.2,TAW  ,72   ,7552 ,33   
150 , M33L81BO , RTE 81: WB                      ,31,392,20,20,20,,1.2,TAW  ,81   ,2637 ,33   
151 , M33L81BI , RTE 81: EB                      ,31,392,20,20,20,,1.2,TAW  ,81   ,2637 ,33   
152 , M33L101BI , RTE C1A:COCONUT CREEK NB        ,31,392,60,60,60,,1.2,TAW  ,COCON,353  ,33   
153 , M33L101BO , RTE C1A:COCONUT CREEK SB        ,31,392,60,60,60,,1.2,TAW  ,COCON,353  ,33   
154 , M33L103BD , RTE C3A:CORAL SPRINGS BLUE      ,31,392,60,60,60,,1.2,TAW  ,CORAL,376  ,33   
155 , M33L104BD , RTE C3B:CORAL SPRINGS GREEN     ,31,392,60,60,60,,1.2,TAW  ,CORAL,376  ,33   
156 , M33L105BD , RTE C4A:Dania Beach EB          ,31,392,30,30,30,,1.2,TAW  ,Dania,100  ,33   
157 , M33L106BD , RTE C4B: Dania Beach WB         ,31,392,60,60,60,,1.2,TAW  ,Dania,100  ,33   
158 , M33L108BD , RTE C5A: DAVIE GREEN            ,31,391,90,90,90,,1.2,TAW  ,DAVIE,190  ,27   
159 , M33L109BD , RTE C5B: DAVIE BLUE             ,31,391,45,45,45,,1.2,TAW  ,DAVIE,264  ,27   
160 , M33L111BD , RTE C8A: Deerfield Beach Exp 1  ,31,392,60,60,60,,1.2,TAW  ,Deerf,261  ,33   
161 , M33L112BD , RTE C8B: Deerfield Beach Exp 2  ,31,392,60,60,60,,1.2,TAW  ,Deerf,261  ,33   
162 , M33L115BD , RTE C10A: FT LAUD COURTHOUSE LOO,31,391,10,10,10,,1.2,TAW  ,FORT ,1306 ,27   
163 , M33L119BD , RTE C11:HILLSBORO BEACH         ,31,392,10,60,10,,1.2,TAW  ,Hills,37   ,33   
164 , M33L120BD , RTE C12:LAUD BY THE SEA         ,31,392,10,45,10,,1.2,TAW  ,Laude,102  ,33   
165 , M33L121BD , RTE C13A:LAUD LAKES NB/SB       ,31,392,10,30,30,,1.2,TAW  ,Laude,438  ,33   
166 , M33L122BD , RTE C13B:LAUD LAKES EB/WB       ,31,392,60,60,60,,1.2,TAW  ,Laude,438  ,33   
167 , M33L123BD , RTE C14A:LAUDERHILL ROUTE 1     ,31,392,55,55,55,,1.2,TAW  ,Laude,1488 ,33   
168 , M33L124BD , RTE C14B:LAUDERHILL ROUTE 2     ,31,392,30,30,30,,1.2,TAW  ,Laude,1488 ,33   
169 , M33L125BD , RTE C14C:LAUDERHILL ROUTE 3     ,31,392,45,45,45,,1.2,TAW  ,Laude,1488 ,33   
170 , M33L126BD , RTE C14D:LAUDERHILL ROUTE 4     ,31,392,55,55,55,,1.2,TAW  ,Laude,1488 ,33   
171 , M33L127BD , RTE C14E:LAUDERHILL ROUTE 5     ,31,392,55,55,55,,1.2,TAW  ,Laude,1488 ,33   
172 , M33L128BD , RTE C15: LIGHTHOUSE POINT       ,31,392,55,60,55,,1.2,TAW  ,Light,38   ,33   
173 , M33L129BD , RTE C16A: MARGATE ROUTE A       ,31,392,60,60,60,,1.2,TAW  ,Marga,482  ,33   
174 , M33L130BD , RTE C16B: MARGATE ROUTE B       ,31,392,60,60,60,,1.2,TAW  ,Marga,482  ,33   
175 , M33L131BD , RTE C16C: MARGATE ROUTE C       ,31,392,60,60,60,,1.2,TAW  ,Marga,482  ,33   
176 , M33L132BD , RTE C16D: MARGATE ROUTE D       ,31,392,60,60,60,,1.2,TAW  ,Marga,482  ,33   
177 , M33L135BD , RTE C17B: MIRAMAR RED           ,31,392,60,60,60,,1.2,TAW  ,Miram,345  ,33   
178 , M33L137BD , RTE C17D: MIRAMAR YELLOW        ,31,392,60,60,60,,1.2,TAW  ,Miram,345  ,33   
179 , M33L138BD , RTE C18A: N LAUDERDALE EB       ,31,392,60,60,60,,1.2,TAW  ,North,110  ,33   
180 , M33L142BO , RTE C20A: WB PEMBROKE PINES GREE,31,392,60,60,60,,1.2,TAW  ,Pembr,628  ,33   
181 , M33L142BI , RTE C20B: EB PEMBROKE PINES GREE,31,392,60,60,60,,1.2,TAW  ,Pembr,628  ,33   
182 , M33L143BO , RTE C20C: WB PEMBROKE PINES GOLD,31,392,30,30,30,,1.2,TAW  ,Pembr,628  ,33   
183 , M33L143BI , RTE C20D: EB PEMBROKE PINES GOLD,31,392,30,30,30,,1.2,TAW  ,Pembr,628  ,33   
184 , M33L144BD , RTE C21A: EB PLANTATION         ,31,392,45,45,45,,1.2,TAW  ,Plant,497  ,33   
185 , M33L145BD , RTE C21B: WB PLANTATION         ,31,392,45,45,45,,1.2,TAW  ,Plant,497  ,33   
186 , M11L201BI , RTE T1: FT LAUD FL1             ,12,191,15,30,20,,1.2,TAW  ,FT LA,290  ,11   
187 , M11L201BO , RTE T1: FT LAUD FL1             ,12,191,20,60,15,,1.2,TAW  ,FT LA,290  ,11   
188 , M11L202BD , RTE T2A: DANIA BEACH AIRPORT 1  ,12,191,25,30,15,,1.2,TAW  ,AIRPO,364  ,11   
189 , M11L204BI , RTE T3: POMPANO BEACH           ,12,191,24,30,30,,1.2,TAW  ,POMPA,64   ,11   
190 , M11L204BO , RTE T3: POMPANO BEACH           ,12,191,24,30,30,,1.2,TAW  ,POMPA,64   ,11   
191 , M11L205BD , RTE T4: SHERIDAN                ,12,191,20,30,30,,1.2,TAW  ,SHERI,38   ,11   
192 , M11L206BI , RTE T5A: DEERFIELD BEACH 1      ,12,191,25,30,30,,1.2,TAW  ,DEERF,120  ,11   
193 , M11L206BO , RTE T5A: DEERFIELD BEACH 1      ,12,191,25,30,30,,1.2,TAW  ,DEERF,120  ,11   
194 , M11L207BI , RTE T5B: DEERFIELD BEACH 2      ,12,191,40,30,30,,1.2,TAW  ,DEERF,120  ,11   
195 , M11L207BO , RTE T5B: DEERFIELD BEACH 2      ,12,191,40,30,30,,1.2,TAW  ,DEERF,120  ,11   
196 , M11L208BD , RTE T6A: CYPRESS CREEK CC1      ,12,191,20,30,30,,1.2,TAW  ,CYPRE,176  ,11   
197 , M11L209BD , RTE T6B: CYPRESS CREEK CC2      ,12,191,20,30,30,,1.2,TAW  ,CYPRE,176  ,11   
198 , M11L210BD , RTE T6C: CYPRESS CREEK CC3      ,12,191,20,30,20,,1.2,TAW  ,CYPRE,176  ,11   
199 , M33L1BrzBO , RTE 1: US1 BREEZE SB            ,32,351,36,30,42,6,1.2,SV   ,SW Br,48   ,34   
200 , M33L1BrzBI , RTE 1: US1 BREEZE NB            ,32,351,30,30,35,6,1.2,SV   ,SW Br,48   ,34   
201 , M33L441BrzBI , RTE 441 Breeze:SB               ,32,351,26,30,35,6,1.2,TAW  ,441  ,1712 ,34   
202 , M33L441BrzBO , RTE 441 Breeze:NB               ,32,351,30,30,30,6,,TAW  ,441  ,1712 ,34   
203 , M33L6BO , RTE 6 SB: CO LN TO BO TERM      ,31,392,60,60,60,,1.2,TAW  ,6    ,2680 ,33   
204 , M33L6BI , RTE 6: NB                       ,31,392,60,60,60,,1.2,TAW  ,6    ,2680 ,33   
205 , M33L12BO , RTE 12:EB                       ,31,392,45,45,45,,1.2,TAW  ,12   ,1824 ,33   
206 , M33L12BI , RTE 12:WB                       ,31,392,45,45,45,,1.2,TAW  ,12   ,1824 ,33   
207 , M33L42BO , RTE 42: EB                      ,31,392,30,30,30,,1.2,TAW  ,42   ,1936 ,33   
208 , M33L42BI , RTE 42: WB                      ,31,392,30,30,30,,1.2,TAW  ,42   ,1936 ,33   
209 , M33L55BO , RTE 55: EB                      ,31,392,30,30,30,,1.2,TAW  ,55   ,2137 ,33   
210 , M33L55BI , RTE 55: WB                      ,31,392,30,30,30,,1.2,TAW  ,55   ,2137 ,33   
211 , M33L62BO , RTE 62:WB                       ,31,392,40,40,40,,1.2,TAW  ,62   ,2030 ,33   
212 , M33L83BO , RTE 83: EB                      ,31,392,30,40,30,,1.2,TAW  ,83   ,1511 ,33   
213 , M33L83BI , RTE 83: WB                      ,31,392,30,40,30,,1.2,TAW  ,83   ,1511 ,33   
214 , M33L88BO , RTE 88:NB                       ,31,392,30,60,30,,1.2,TAW  ,88   ,1128 ,33   
215 , M33L88BI , RTE 88:SB                       ,31,392,30,60,30,,1.2,TAW  ,88   ,1128 ,33   
216 , M33L150BD , RTE C10G: FT LAUD GALT          ,31,392,55,55,55,,1.2,TAW  ,FT LA,482  ,33   
217 , M33L152BD , RTE C22C: POM BCH GREEN-WEST    ,31,392,60,60,60,,1.2,TAW  ,POMPA,482  ,33   
218 , M11L153BD , RTE C5D: DAVIE SFEC TRI-RAIL    ,12,192,30,30,30,,1.2,TAW  ,DAVIE,482  ,33   
219 , M33L154BD , RTE C24A: HALLANDALE RTE 3      ,31,392,60,60,60,,1.2,TAW  ,HALLA,482  ,33   
220 , M33L48BO , RTE 48:HILLSBORO BLVD           ,31,392,45,45,45,,1.2,SV   ,Hills,37   ,33   
221 , M33L48BI , RTE 48:HILLSBORO BLVD           ,31,392,45,45,45,,1.2,SV   ,Hills,37   ,33   
222 , M33L2BrzBI , Route 2 University Breeze:SB    ,32,351,36,50,35,6,1.2,     ,     ,     ,34   
223 , M33L2BrzBO , Route 2 Univeristy Breeze:NB,32,351,36,50,35,6,,,,,34
224 , M33L600BD , RTE COCONUT CREEK S             ,31,392,60,60,60,,1.2,     ,     ,     ,33   
225 , M33L601BD , RTE FTL NW CIRCULATOR           ,31,392,60,60,60,,1.2,     ,     ,     ,33   
226 , M33L602BD , RTE HACFL RED                   ,31,392,90,90,90,,1.2,     ,     ,     ,33   
227 , M33L603BI , RTE HACFL BLUE NB               ,31,392,90,90,90,,1.2,     ,     ,     ,33   
228 , M33L603BO , RTE HACFL BLUE SB               ,31,392,90,90,90,,1.2,     ,     ,     ,33   
229 , M33L604BD , RTE HALLANDALE BEACH 1          ,31,392,60,60,60,,1.2,     ,     ,     ,33   
230 , M33L605BD , RTE HALLANDALE BEACH 2          ,31,392,60,60,60,,1.2,     ,     ,     ,33   
231 , M33L606BD , RTE HALLANDALE BEACH 3          ,31,392,60,60,60,,1.2,     ,     ,     ,33   
232 , M33L607BD , RTE MIRAMAR GREEN WEST          ,31,392,60,60,60,,1.2,     ,     ,     ,33   
233 , M33L608BD , RTE MIRAMAR GREEN EAST          ,31,392,60,60,60,,1.2,     ,     ,     ,33   
234 , M33L609BD , RTE POMPANO GREEN               ,31,392,60,60,60,,1.2,     ,     ,     ,33   
235 , M33L610BD , RTE POMPANO BLUE                ,31,392,60,60,60,,1.2,     ,     ,     ,33   
236 , M33L611BD , RTE POMPANO GREEN WEST          ,31,392,60,60,60,,1.2,     ,     ,     ,33   
237 , M33L612BD , RTE TAMARAC RED                 ,31,392,60,60,60,,1.2,     ,     ,     ,33   
238 , M33L613BD , RTE TAMARAC YELLOW              ,31,392,60,60,60,,1.2,     ,     ,     ,33   
239 , M11L210BI , RTE T1: FT LAUD NW CW,12,191,70,75,120,,1.2,,,,11
240 , M11L210BO , RTE T1: FT LAUD NW CCW          ,12,191,66,75,120,,1.2,     ,     ,     ,11   
241 , M23L1MI , RTE A: WB MIAMI BCH LINCOLN/WASH,21,292,20,40,20,,1.2,SV   ,A    ,426  ,23   
242 , M23L1MO , RTE A:  EB OMNI TO LINCOLN/WASHI,21,292,20,40,20,,1.2,SV   ,A    ,426  ,23   
243 , M23L2MI , RTE B: BRK -> KEY BISCAYNE      ,21,292,15,30,15,,1.2,SV   ,B    ,1802 ,23   
244 , M23L2MO , RTE B: KEY BISCAYNE TO DOWNTN TE,21,292,15,30,15,,1.2,SV   ,B    ,1802 ,23   
245 , M23L3MI , RTE C: MT SINAI HO -> DOWNTN TER,21,292,20,20,20,,1.2,SV   ,C    ,3577 ,23   
246 , M23L3MO , RTE C: DOWNTN TERMINAL TO MT SIN,21,292,20,20,20,,1.2,SV   ,C    ,3577 ,23   
247 , M23L4MI , RTE E: WB DIPLOMAT MALL -> MIAMI,21,292,30,45,30,,1.2,SV   ,E    ,1429 ,23   
248 , M23L4MO , RTE E:  MIAMI LAKES  ->  DIPLOMA,21,292,30,45,30,,1.2,SV   ,E    ,1429 ,23   
249 , M23L104MI , RTE G: PAL EXWY -> MBCC         ,21,292,20,30,20,,1.2,SV   ,G    ,2988 ,23   
250 , M23L104MO , RTE G:   MBCC->PAL EXWY,21,292,30,30,30,,1.2,SV,G,2988,23
251 , M23L8MI , RTE J: 72ST & COLLINS AVE -> DR ,21,292,20,30,20,,1.2,SV   ,J    ,4740 ,23   
252 , M23L8MO , RTE J: NORMNDY ISL -> DR STA    ,21,292,20,30,20,,1.2,SV   ,J    ,4740 ,23   
253 , M23L11MI , RTE L: HIA TO 19TH/MERIDIAN E/B ,21,292,20,25,20,,1.2,SV   ,L    ,10045,23   
254 , M23L11MO , RTE L: 19TH/MERIDIAN TO HIA W/B ,21,292,20,25,20,,1.2,SV   ,L    ,10045,23   
255 , M23L12MI , RTE L: AMTRAK TO 19TH/MERIDIAN E,21,292,20,25,20,,1.2,SV   ,L    ,10045,23   
256 , M23L12MO , RTE L: 19TH/MERIDIAN TO AMTRAK W,21,292,20,25,20,,1.2,SV   ,L    ,10045,23   
257 , M23L5MI , RTE F/M: NW 22ND AVE -> MIA HEAR,21,292,45,60,45,,1.2,SV   ,M    ,1852 ,23   
258 , M23L5MO , RTE F/M: MIA HEART TO NW20 ST/19,21,292,45,60,45,,1.2,SV   ,M    ,1852 ,23   
259 , M23L14MI , RTE S: CBD TO AVENTURA N/B      ,21,292,12,12,12,,1.2,SV   ,S    ,12456,23   
260 , M23L14MO , RTE S:  AVENTURA TO CBD S/B     ,21,292,12,12,12,,1.2,SV   ,S    ,12456,23   
261 , M23L101MI , RTE 1: VIA BSWAY SB FRM DN METRO,21,292,30,40,30,,1.2,SV   ,1    ,1748 ,23   
262 , M23L101MO , RTE 1: VIA BSWAY NB FRM QL RST T,21,292,30,40,30,,1.2,SV   ,1    ,1748 ,23   
263 , M23L21MI , RTE 2: PKWY HOSP -> CBD S/B     ,21,292,60,60,60,,1.2,SV   ,2    ,4105 ,23   
264 , M23L21MO , RTE 2:CBD TO  PKWY HOSP N/B     ,21,292,60,60,60,,1.2,SV   ,2    ,4105 ,23   
265 , M23L22MI , RTE 2: HORACE SCH TO CBD S/B    ,21,292,30,30,30,,1.2,SV   ,2    ,4105 ,23   
266 , M23L22MO , RTE 2: CBD TO HORACE SCH N/B    ,21,292,30,30,30,,1.2,SV   ,2    ,4105 ,23   
267 , M23L23MI , RTE 3: AVENTURA TO CBD S/B      ,21,292,18,18,18,,1.2,SV   ,3    ,9276 ,23   
268 , M23L23MO , RTE 3: CBD TO AVENTURA N/B      ,21,292,18,18,18,,1.2,SV   ,3    ,9276 ,23   
269 , M23L24MI , RTE 6: COCONUT GROVE TO CBD S/B ,21,292,60,60,60,,1.2,SV   ,6    ,691  ,23   
270 , M23L24MO , RTE 6: CBD TO COCONUT GROVE N/B ,21,292,60,60,60,,1.2,SV   ,6    ,691  ,23   
271 , M23L25MI , RTE 7: DOLPHIN MALL TO CBD E/B  ,21,292,30,40,30,,1.2,SV   ,7    ,4828 ,23   
272 , M23L25MO , RTE 7:CBD TO DOLPHIN MALL W/B   ,21,292,30,40,30,,1.2,SV   ,7    ,4828 ,23   
273 , M23L26MI , RTE 7: METRO HOSP TO CBD E/B    ,21,292,30,40,30,,1.2,SV   ,7    ,4828 ,23   
274 , M23L26MO , RTE 7:CBD TO METRO HOSP W/B     ,21,292,30,40,30,,1.2,SV   ,7    ,4828 ,23   
275 , M23L27MI , RTE 8: FIU TO CBD VIA 24TH ST E/,21,292,18,15,18,,1.2,SV   ,8    ,7598 ,23   
276 , M23L27MO , RTE 8: CBD TO FIU VIA 24TH ST W/,21,292,18,15,18,,1.2,SV   ,8    ,7598 ,23   
277 , M23L28MI , RTE 8: 57TH AVE TO CBD VIA 24TH ,21,292,30,15,30,,1.2,SV   ,8    ,7598 ,23   
278 , M23L28MO , RTE 8: CBD TO 57TH AVE VIA 24TH ,21,292,30,15,30,,1.2,SV   ,8    ,7598 ,23   
279 , M23L29MI , RTE 8: FIU TO CBD VIA 8TH ST E/B,21,292,30,30,30,,1.2,SV   ,8    ,7598 ,23   
280 , M23L29MO , RTE 8: CBD TO FIU VIA 8TH ST W/B,21,292,30,30,30,,1.2,SV   ,8    ,7598 ,23   
281 , M23L30MI , RTE 9: AVENTURA MALL TO CBD S/B ,21,292,25,30,25,,1.2,SV   ,9    ,6014 ,23   
282 , M23L30MO , RTE 9: CBD TO AVENTURA MALL N/B ,21,292,19,30,19,,1.2,SV   ,9    ,6014 ,23   
283 , M23L31MI , RTE 9: 163RD MALL TO CBD S/B    ,21,292,38,60,38,,1.2,SV   ,9    ,6014 ,23   
284 , M23L31MO , RTE 9: CBD TO 163RD MALL N/B    ,21,292,30,60,30,,1.2,SV   ,9    ,6014 ,23   
285 , M23L32MI , RTE 10: 163RD ST MALL TO  CBD S/,21,292,30,30,30,,1.2,SV   ,10   ,2633 ,23   
286 , M23L32MO , RTE 10: CBD TO 163RD ST MALL    ,21,292,30,30,30,,1.2,SV   ,10   ,2633 ,23   
287 , M23L33MI , RTE 11: FIU TO CBD E/B          ,21,292,16,24,16,,1.2,SV   ,11   ,13523,23   
288 , M23L33MO , RTE 11: CBD TO FIU W/B          ,21,292,16,24,16,,1.2,SV   ,11   ,13523,23   
289 , M23L34MI , RTE 11: MIDWAY MALL TO CBD E/B  ,21,292,16,24,16,,1.2,SV   ,11   ,13523,23   
290 , M23L34MO , RTE 11: CBD TO MIDWAY MALL W/B  ,21,292,16,24,16,,1.2,SV   ,11   ,13523,23   
291 , M23L35MD , RTE 12: NS -> MERCY VIA 12TH AVE,21,292,30,30,30,,1.2,SV   ,12   ,3511 ,23   
292 , M23L36MI , RTE 16: 163RD ST MALL TO CBD S/B,21,292,18,30,18,,1.2,SV   ,16   ,5005 ,23   
293 , M23L36MO , RTE 16: CBD TO 163RD ST MALL    ,21,292,18,30,18,,1.2,SV   ,16   ,5005 ,23   
294 , M23L37MD , RTE 17: VZ STA TO NORWOOD       ,21,292,30,30,30,,1.2,SV   ,17   ,4928 ,23   
295 , M23L38MD , RTE 17: FLG TO NW 103RD ST & 7TH,21,292,30,30,30,,1.2,SV   ,17   ,4928 ,23   
296 , M23L40MI , RTE 21: NORTHSIDE TO CBD S/B    ,21,292,30,30,30,,1.2,SV   ,21   ,2543 ,23   
297 , M23L40MO , RTE 21: CBD TO NORTHSIDE        ,21,292,30,30,30,,1.2,SV   ,21   ,2543 ,23   
298 , M23L41MI , RTE 22: 163RD ST MALL TO GROVE S,21,292,30,60,30,,1.2,SV   ,22   ,4096 ,23   
299 , M23L41MO , RTE 22: GROVE TO 163RD ST MALL N,21,292,30,60,30,,1.2,SV   ,22   ,4096 ,23   
300 , M23L42MI , RTE 22: 163RD ST MALL TO FLAGLER,21,292,30,60,30,,1.2,SV   ,22   ,4096 ,23   
301 , M23L42MO , RTE 22: FLAGLER TO 163RD ST MALL,21,292,30,60,30,,1.2,SV   ,22   ,4096 ,23   
302 , M23L43MI , RTE 24:137TH AVE TO CBD  E/B    ,21,292,50,40,50,,1.2,SV   ,24   ,4360 ,23   
303 , M23L43MO , RTE 24:  CBD TO 137TH AVE W/B   ,21,292,40,40,40,,1.2,SV   ,24   ,4360 ,23   
304 , M23L44MI , RTE 24: WESTCHSTR -> CBD E/B    ,21,292,40,40,40,,1.2,SV   ,24   ,4360 ,23   
305 , M23L44MO , RTE 24: CBD TO WESTCHSTR W/B    ,21,292,40,40,40,,1.2,SV   ,24   ,4360 ,23   
306 , M23L45MD , RTE 27:CALDER TO GROVE NOT VIA 3,21,292,30,30,30,,1.2,SV   ,27   ,8927 ,23   
307 , M23L46MD , RTE 27: CALDER TO GROVE VIA 37TH,21,292,30,30,30,,1.2,SV   ,27   ,8927 ,23   
308 , M23L48MI , RTE 29: VOTECH -> TRI PARK HLH S,21,292,45,45,45,,1.2,SV   ,29   ,897  ,23   
309 , M23L48MO , RTE 29: TRI PARK TO HLHVOTECH N/,21,292,45,45,45,,1.2,SV   ,29   ,897  ,23   
310 , M23L103MI , RTE 31: BUSWY LOCAL SB FROM DL-S,21,292,15,30,15,,1.2,SV   ,31-BU,2341 ,23   
311 , M23L103MO , RTE 31: BUSWY LOCAL-NB FROM SW 2,21,292,15,30,15,,1.2,SV   ,31-BU,2341 ,23   
312 , M23L49MI , RTE 32: CAROL CITY TO OMNI S/B  ,21,292,24,30,24,,1.2,SV   ,32   ,4218 ,23   
313 , M23L49MO , RTE 32:  OMNI TO CAROL CITY N/B ,21,292,24,30,24,,1.2,SV   ,32   ,4218 ,23   
314 , M23L50MD , RTE 33: LITTLE RIVER -> HL GDN W,21,292,35,35,35,,1.2,SV   ,33   ,2257 ,23   
315 , M23L51MI , RTE 35: MDCC-S -> FLA CITY IB   ,21,292,30,30,30,,1.2,SV   ,35   ,2296 ,23   
316 , M23L51MO , RTE 35: MDCC-S -> FLA CITY OB   ,21,292,30,30,30,,1.2,SV   ,35   ,2296 ,23   
317 , M23L52MD , RTE 36: DORAL CTR -> OMNI EB    ,21,292,60,60,60,,1.2,SV   ,36   ,2954 ,23   
318 , M23L520MD , RTE 36: DOLPHIN -> OMNI EB      ,21,292,60,60,60,,1.2,SV   ,36   ,2954 ,23   
319 , M23L53MD , RTE 36: MIAMI SPRINGS -> OMNI EB,21,292,60,60,60,,1.2,SV   ,36   ,2954 ,23   
320 , M23L54MI , RTE 37: SM STA -> ML VOTECH N/B ,21,292,30,30,30,,1.2,SV   ,37   ,3763 ,23   
321 , M23L54MO , RTE 37:  ML VOTECH TO SM STA S/B,21,292,30,30,30,,1.2,SV   ,37   ,3763 ,23   
322 , M23L55MD , RTE 40: 132ND AVE & 8TH ST -> CR,21,292,20,60,20,,1.2,SV,40,2815,23
323 , M23L56MD , RTE 40: 147TH AVE -> DOUGLAS STA,21,292,20,60,20,,1.2,SV,40,2815,23
324 , M23L57MI , RTE 42: OPA LOCKA -> DOUGLAS RD ,21,292,30,60,30,,1.2,SV   ,42   ,1653 ,23   
325 , M23L57MO , RTE 42: OPA LOCKA -> DOUGLAS RD ,21,292,30,60,30,,1.2,SV   ,42   ,1653 ,23   
326 , M23L570MI , RTE 42: MIAMI SPRINGS -> DOUGLAS,21,292,30,60,30,,1.2,SV   ,42   ,1653 ,23   
327 , M23L570MO , RTE 42: MIAMI SPRINGS -> DOUGLAS,21,292,30,60,30,,1.2,SV,42,1653,23
328 , M23L169MD , RTE 46: LIBERTY CITY CONN       ,21,292,40,60,40,,1.2,SV   ,46   ,294  ,23   
329 , M23L58MI , RTE 48: SM STA -> BRK N/B       ,21,292,60,60,60,,1.2,SV   ,48   ,704  ,23   
330 , M23L58MO , RTE 48: BRK TO SM STA S/B       ,21,292,60,60,60,,1.2,SV   ,48   ,704  ,23   
331 , M23L87MI , RTE 51: FLAGLER MAX: BEACH E/B  ,27,242,15,30,15,,1.2,SV   ,51   ,3624 ,27   
332 , M23L87MO , RTE 51: FLAGLER MAX: BEACH W/B  ,27,242,15,30,15,,1.2,SV   ,51   ,3624 ,27   
333 , M23L59MI , RTE 52: CR GOV CNTR -> GABLES N/,21,292,30,45,30,,1.2,SV,52,1920,23
334 , M23L59MO , RTE 52: GABLES ->  CR GOV CNTR S,21,292,30,45,30,,1.2,SV,52,1920,23
335 , M23L61MI , RTE 54: GARDENS -> BB & 54TH ST,21,292,50,60,50,,1.2,SV,54,4008,23
336 , M23L61MO , RTE 54: GARDENS -> BB & 54TH ST,21,292,50,60,50,,1.2,SV,54,4008,23
337 , M23L610MI , RTE 54: GARDENS -> BB & 54TH ST ,21,292,50,60,50,,1.2,SV   ,54   ,4008 ,23   
338 , M23L610MO , RTE 54: GARDENS -> BB & 54TH ST ,21,292,50,60,50,,1.2,SV   ,54   ,4008 ,23   
339 , M23L62MI , RTE 56: MDCC-S -> CRL GABLES EB ,21,292,60,60,60,,1.2,SV   ,56   ,767  ,23   
340 , M23L62MO , RTE 56: MDCC-S -> CRL GABLES WB ,21,292,60,60,60,,1.2,SV   ,56   ,767  ,23   
341 , M23L63MI , RTE 56: FERGUSON -> CRL GABLES E,21,292,60,60,60,,1.2,SV   ,56   ,767  ,23   
342 , M23L63MO , RTE 56: FERGUSON -> CRL GABLES W,21,292,60,60,60,,1.2,SV   ,56   ,767  ,23   
343 , M23L64MI , RTE 57: CORAL RF -> SM STA NB   ,21,292,40,60,40,,1.2,SV   ,57   ,335  ,23   
344 , M23L64MO , RTE 57: CORAL RF -> SM STA SB   ,21,292,40,60,40,,1.2,SV   ,57   ,335  ,23   
345 , M23L66MI , RTE 62: HIALEAH - BISCAYNE E/B  ,21,292,60,30,60,,1.2,SV   ,62   ,4917 ,23   
346 , M23L66MO , RTE 62: HIALEAH - BISCAYNE W/B  ,21,292,60,30,60,,1.2,SV   ,62   ,4917 ,23   
347 , M23L67MI , RTE 62: MLK STA -> BISCAYNE EB  ,21,292,30,30,30,,1.2,SV   ,62   ,4917 ,23   
348 , M23L67MO , RTE 62: MLK STA -> BISCAYNE WB  ,21,292,20,30,20,,1.2,SV   ,62   ,4917 ,23   
349 , M23L68MI , RTE 62: TRI PARK HLH -> BEACH E/,21,292,30,30,30,,1.2,SV,62,4917,23
350 , M23L68MO , RTE 62: TRI PARK HLH -> BEACH W/,21,292,30,30,30,,1.2,SV,62,4917,23
351 , M23L69MI , RTE 70: HMST STAD -> SAGA BAY NB,21,292,30,60,30,,1.2,SV,70,1600,23
352 , M23L69MO , RTE 70: HMST STAD -> SAGA BAY SB,21,292,30,60,30,,1.2,SV,70,1600,23
353 , M23L690MI , RTE 70: HMST STAD -> SDGC NB,21,292,30,60,30,,1.2,SV,70,1600,23
354 , M23L690MO , RTE 70: HMST STAD -> SDGC SB,21,292,30,60,30,,1.2,SV,70,1600,23
355 , M23L70MD , RTE 71: DN STA -> INTL MALL NB  ,21,292,30,60,30,,1.2,SV   ,71   ,1697 ,23   
356 , M23L71MD , RTE 72: 137 AVE -> SM STA EB    ,21,292,60,60,60,,1.2,SV   ,72   ,1188 ,23   
357 , M23L72MD , RTE 72A: 157TH AVE -> SM STA EB ,21,292,60,60,60,,1.2,SV   ,72   ,1188 ,23   
358 , M23L73MD , RTE 73: MIAMI LAKES -> DS STA-2W,21,292,30,40,30,,1.2,SV   ,73   ,2151 ,23   
359 , M23L75MI , TE 75: ML VOTCH -> MDCC-N S/B   ,21,292,30,30,30,,1.2,SV   ,75   ,3423 ,23   
360 , M23L75MO , TE 75:MDCC-N ->ML VOTCH  N/B    ,21,292,30,30,30,,1.2,SV   ,75   ,3423 ,23   
361 , M23L76MI , RTE 77: NW 183RD ST & 7TH AVE ->,21,292,30,30,30,,1.2,SV   ,77   ,10470,23   
362 , M23L76MO , RTE 77: NW 183RD ST & 7TH AVE ->,21,292,30,30,30,,,SV   ,77   ,10470,23   
363 , M23L77MI , RTE 77: 441 & 199TH ST -> CBD SB,21,292,20,30,20,,1.2,SV   ,77   ,10470,23   
364 , M23L77MO , RTE 77:  CBD -> 441 & 199TH ST N,21,292,20,30,20,,,SV   ,77   ,10470,23   
365 , M23L80MD , RTE 87: DN STA -> PALMETTO STA N,21,292,30,45,30,,1.2,SV   ,87   ,2012 ,23   
366 , M23L81MD , RTE 88: SW 88TH ST & 157TH AVE->,21,292,30,60,30,,1.2,SV   ,88   ,2871 ,23   
367 , M23L82MD , RTE 88: SW 84TH ST & 141ST AVE->,21,292,30,60,30,,1.2,SV   ,88   ,2871 ,23   
368 , M23L88MD , RTE 97: 27TH AVE MAX            ,27,242,20,40,20,,1.2,SV   ,97   ,814  ,27   
369 , M23L175MD , RTE 99: AVENTURA TO GARDENS P/R ,21,292,30,60,30,,1.2,SV   ,99   ,757  ,23   
370 , M23L575MD , RTE 99: AVENTURA TO NW 47 AVE/NW,21,292,30,60,30,,1.2,SV   ,99   ,757  ,23   
371 , M23L85MD , RTE 104: MDCC -> DN STA-2WAY    ,21,292,30,60,30,,1.2,SV   ,104  ,1457 ,23   
372 , M11L201MI , RTE 132: TCR -> KOGER CNTR -2WAY,12,191,60,60,60,,1.2,SV   ,132  ,37   ,11   
373 , M11L201MO , RTE 132: TCR -> KOGER CNTR -2WAY,12,191,60,60,60,,1.2,SV   ,132  ,37   ,11   
374 , M11L202MI , RTE 133: TCR -> MIA             ,12,191,40,30,40,,1.2,SV   ,133  ,351  ,11   
375 , M11L202MO , RTE 133: TCR -> MIA -2WAY       ,12,191,40,30,40,,1.2,SV   ,133  ,351  ,11   
376 , M23L93MD , RTE 137: WEST DADE CONNECTION   ,21,292,30,45,30,,1.2,SV   ,137  ,1628 ,23   
377 , M23L164MD , RTE 202: LITTLE HAITI CONN      ,21,292,30,45,30,,1.2,SV   ,202  ,759  ,23   
378 , M23L564MD , RTE 202: LITTLE HAITI CONN      ,21,292,60,45,60,,1.2,SV   ,202  ,759  ,23   
379 , M23L163MD , RTE 208: LITTLE HAVANA CIRC VIA ,21,292,15,20,15,,1.2,SV   ,207  ,1261 ,23   
380 , M23L162MD , RTE 208: LITTLE HAVANA CIR VIA F,21,292,15,20,15,,1.2,SV   ,208  ,1757 ,23   
381 , M23L161MD , RTE 212: SWEETWATER CIRCULATOR  ,21,292,15,45,15,,1.2,SV   ,212  ,683  ,23   
382 , M23L152MI , RTE 238: EAST-WEST CONN E/B     ,21,292,50,60,50,,1.2,SV   ,238  ,625  ,23   
383 , M23L152MO , RTE 238: EAST-WEST CONN W/B     ,21,292,50,60,50,,1.2,SV   ,238  ,625  ,23   
384 , M23L95MI , RTE 243: SEAPORT CONNECTION OB  ,21,292,30,60,30,,1.2,SV   ,243  ,261  ,23   
385 , M23L95MO , RTE 243: SEAPORT CONNECTION IB  ,21,292,30,60,30,,1.2,SV   ,243  ,261  ,23   
386 , M23L158MI , RTE 248: BRICKELL KEY SHUTTLE IB,21,292,20,60,20,,1.2,SV   ,248  ,598  ,23   
387 , M23L158MO , RTE 248: BRICKELL KEY SHUTTLE OB,21,292,20,60,20,,1.2,SV   ,248  ,598  ,23   
388 , M23L157MD , RTE 249: COCONUT GRVE CIRC      ,21,292,18,18,18,,1.2,SV   ,249  ,1397 ,23   
389 , M23L19MD , RTE 252: CORAL RF MX: DS -> CW  ,21,292,20,30,20,,1.2,SV   ,252  ,1287 ,23   
390 , M23L155MI , RTE 277: NW 7 AVE MAX S/B       ,27,242,18,30,18,,1.2,SV   ,277  ,496  ,27   
391 , M23L155MO , RTE 277: NW 7 AVE MAX N/B       ,27,242,18,30,18,,1.2,SV   ,277  ,496  ,27   
392 , M23L18MD , RTE 287: SAGA BAY MX : DS -> SB ,27,242,30,30,30,,1.2,SV   ,287  ,282  ,27   
393 , M23L114MD , DADE-MONROE EXPRESS             ,22,251,60,60,60,6,1.2,SV   ,301  ,800  ,24   
394 , M23L180MD , RTE 344: MDC HMSTD CMPS TO W PAL,21,292,60,60,60,,1.2,SV   ,344  ,283  ,23   
395 , M23L106MI , RTE 204: KAT KILLIAN E/B EXPRESS,22,251,8.5,60,13,6,,SV   ,Kat20,1576 ,24   
396 , M23L106MO , RTE 204: KAT KILLIAN W/B EXPRESS,22,251,8.5,60,13,6,,SV   ,kat20,1576 ,24   
397 , M23L107MI , RTE 272: SUNSET KAT E/B EXPRESS ,22,251,15,60,16,6,1.2,SV   ,Kat27,1199 ,24   
398 , M23L107MO , RTE 272: SUNSET KAT W/B EXPRESS ,22,251,15,60,16,6,1.2,SV   ,kat27,1199 ,24   
399 , M23L105MI , RTE 288: BRT KENDALL E/B        ,27,242,12,60,12,,1.2,SV   ,Kat28,675  ,27   
400 , M23L105MO , RTE 288: BRT KENDALL W/B        ,27,242,12,60,12,,1.2,SV   ,Kat28,675  ,27   
401 , M23L86MI , RTE 93: BISCAYNE MAX S/B        ,27,242,18,25,18,,1.2,SV   ,93   ,1990 ,27   
402 , M23L86MO , RTE 93: BISCAYNE MAX N/B        ,27,242,18,30,18,,1.2,SV   ,93   ,1990 ,27   
403 , M23L310MI , RTE 49: 183RD EB                ,21,292,40,30,18,,,     ,     ,     ,23   
404 , M23L311MI , RTE 59: AVENTURA WB             ,21,292,60,30,60,,1.2,     ,     ,     ,23   
405 , M23L312MI , 79 STREET MAX EB                ,27,242,25,30,25,,1.2,     ,     ,     ,27   
406 , M23L312MO , 79 STREET MAX WB                ,27,242,25,30,25,,1.2,     ,     ,     ,27   
407 , M23L313MD , RTE 115 MID_BEACH CCW           ,21,292,45,45,45,,1.2,     ,     ,     ,23   
408 , M23L314MD , RTE 115 MID_BEACH CW            ,21,292,45,45,45,,1.2,     ,     ,     ,23   
409 , M23L315MO , RTE 120 BEACH MAX NB            ,27,242,24,24,24,,1.2,     ,     ,     ,27   
410 , M23L315MI , RTE 120 BEACH MAX SB            ,27,242,24,24,24,,1.2,     ,     ,     ,27   
411 , M23L316MO , RTE 120 BEACH MAX NB CB         ,27,242,24,24,24,,1.2,     ,     ,     ,27   
412 , M23L316MI , RTE 120 BEACH MAX SB CB         ,27,242,24,24,24,,1.2,     ,     ,     ,27   
413 , M23L317MD , RTE 123 SOUTH BEACH LOCAL       ,21,292,20,12,12,,1.2,     ,     ,     ,23   
414 , M23L318MI , RTE 135 HIALEAH EB              ,21,292,60,60,60,,1.2,     ,     ,     ,23   
415 , M23L318MO , RTE 135 HIALEAH WB              ,21,292,60,60,60,,1.2,     ,     ,     ,23   
416 , M23L319MI , RTE 135 MIAMI LAKES EB          ,21,292,60,60,60,,1.2,     ,     ,     ,23   
417 , M23L319MO , RTE 135 MIAMI LAKES WB          ,21,292,60,60,60,,1.2,     ,     ,     ,23   
418 , M23L320MI , RTE 136 DADELAND S EB           ,21,292,60,60,60,,1.2,     ,     ,     ,23   
419 , M23L321MO , RTE 136 CUTLER WB               ,21,292,60,60,60,,1.2,     ,     ,     ,23   
420 , M23L322MI , RTE 150 AIRPORT WB,21,292,30,30,30,,1.2,,,,23
421 , M23L322MO , RTE 150 AIRPORT EB,21,292,30,30,30,,1.2,,,,23
422 , M23L323MO , RTE 211: OVERTOWN NB            ,21,292,30,40,40,,1.2,     ,     ,     ,23   
423 , M23L323MI , RTE 211: OVERTOWN SB            ,21,292,30,40,40,,1.2,     ,     ,     ,23   
424 , M23L324MD , RTE 286 NORTH POINTE CIRCULATOR ,21,292,48,48,48,,1.2,     ,     ,     ,23   
425 , M23L326MD , RTE 254 BROWNSVILLE             ,21,292,48,30,48,,1.2,     ,     ,     ,23   
426 , M23L327MI , RTE 108 NORTH MIAMI BEACH SB    ,21,292,22,24,22,,1.2,     ,     ,     ,23   
427 , M23L327MO , RTE 108 NORTH MIAMI BEACH NB    ,21,292,24,24,24,,1.2,     ,     ,     ,23   
428 , M23L328MI , RTE 19 MDCC-163 NB              ,21,292,24,24,24,,1.2,     ,     ,     ,23   
429 , M23L328MO , RTE 19 MDCC-163 SB              ,21,292,24,24,24,,1.2,     ,     ,     ,23   
430 , M23L329MD , RTE 183: 183RD ST MAX PALM SPING,21,292,24,40,24,,1.2,     ,     ,     ,23   
431 , M23L330MD , RTE 183: 183RD ST MAX MIAMI GARD,21,292,24,40,24,,1.2,     ,     ,     ,23   
432 , M22L1MD , DPM: CW INNER LOOP              ,26,281,1,1,1,2,1.2,SKS  ,DPM  ,28546,22   
433 , M22L2MD , DPM: OMNI LOOP                  ,26,281,3,3,3,2,1.2,SKS  ,DPM  ,28546,22   
434 , M22L3MD , DPM: BRICKELL LOOP              ,26,281,3,3,3,2,1.2,SKS  ,DPM  ,28546,22   
435 , M14L1MD , STAGE 1: PALMETTO -> DADELAND SO,25,121,7,15,7,1,1.2,SKS  ,MR   ,59400,14   
436 , M15L1S65 , TRI-RAIL MANGONIA-MIA           ,11,111,30,60,30,3,1.2,SKS  ,TR   ,11382,15   
437 , M16L109MI , RTE 95X: I95 EXP GOLDEN GLADES -,24,252,20,60,105,5,1.2,SV   ,95X  ,1812 ,26   
438 , M16L109MO , RTE 95X: I95 EXP CIVIC CENTER TO,24,252,36,60,26,5,1.2,SV   ,95X  ,40   ,26   
439 , M16L110MD , RTE 95X: I95 EXP GOLDEN GLADES->,24,252,30,60,15,5,1.2,SV   ,95X  ,1812 ,26   
440 , M16L111MO , RTE 95X: I95 EXP OMNI TO GG N/B ,24,252,14,60,11,5,1.2,SV   ,95X  ,1812 ,26   
441 , M16L111MI , RTE 95X: I95 EXP GG -> OMNI S/B ,24,252,8.5,180,35,5,1.2,SV   ,95X  ,1812 ,26   
442 , M16L112MI , RTE 95X: I95 EXP GOLDEN GLDES->8,24,252,120,60,30,5,1.2,SV   ,95X  ,1812 ,26   
443 , M16L113MI , RTE 95X: I95 EXP AVENT -> GOLDEN,24,252,60,60,30,5,1.2,SV   ,95X  ,1812 ,26   
444 , M23L173MD , RTE 34: BUSWAY FLYER,27,242,12,60,12,,1.4,SV,34,988,27
445 , M23L17MD , RTE 38: BSWY MX: DS -> FC       ,27,242,15,15,15,,1.2,SV   ,38   ,4633 ,27   
446 , M16L159BI , RTE 95X: MD GOVT CTR to PINES BL,33,151,30,,70,5,1.2,SV   ,     ,     ,16   
447 , M16L159BO , RTE 95X: MD GOVT CTR to PINES BL,33,151,45,,30,5,1.2,SV   ,     ,     ,16   
448 , M16L331MI , RTE 95X: MD GOVT CTR to FTL TRL ,24,253,15,15,35,5,1.2,SV   ,     ,     ,16   
449 , M16L331MO , RTE 95X: MD GOVT CTR to FTL TRL ,24,253,26,15,16,5,1.2,SV   ,     ,     ,16   
450 , M16L332MI , RTE 95X: MD GOVT CTR to SHERIDAN,24,253,15,15,30,5,1.2,SV   ,     ,     ,16   
451 , M16L332MO , RTE 95X: MD GOVT CTR to SHERIDAN,24,253,26,15,16,5,1.2,SV   ,     ,     ,16   
452 , M33L62BI , RTE 62:EB                       ,31,392,40,40,40,,1.2,TAW  ,62   ,2030 ,33   
453 , M16L160BI , RTE 95X: MIRAMAR to MIAMI,33,151,16,,21,5,1.2,SV   ,     ,     ,16   
454 , M16L160BO , RTE 95X: MIAMI to MIRAMAR,33,151,30,,17.5,5,1.2,SV   ,     ,     ,16   
455 , M16L161BI , RTE 95X: PMB PINES to DWTN MIAMI,33,151,18,,70,5,1.2,SV   ,     ,     ,16   
456 , M16L161BO , RTE 95X: DWTN MIAMI to PEMB PINES,33,151,45,,23,5,1.2,SV   ,     ,     ,16   
457 , M33L18SBO , RTE 18: NB Shuttle               ,31,392,30,36,30,,1.2,TAW  ,18   ,14272,33   
458 , M33L18SBI , RTE 18:SB  Shuttle                  ,31,392,30,36,30,,1.2,TAW  ,18   ,14272,33   
459 , M43L41PIS , West Palm Beach Downtown Trolley NB,41,492,10,10,10,,1.2,TAW  ,41   ,133  ,43   
460 , M43L41POS , West Palm Beach Downtown Trolley SB,41,492,10,10,10,,1.2,TAW  ,41   ,133  ,43   
461 , M43LBBPSO , RTE 73:EB                       ,41,492,30,0,30,,,TAW  ,73   ,176  ,43   
462 , M43LBBPSI , RTE 73:EB                       ,41,492,30,0,30,,,TAW  ,73   ,176  ,43   
463 , M16L901FE , RTE:595X: SUNRISE TO FORT LAUDERDALE,33,151,30,,17.5,5,1.2,SV,,,16
464 , M16L901FW , RTE:595X:  FORT LAUDERDALE TO SUNRISE,33,151,30,,17.5,5,,SV,,,16
465 , M16L902MM , RTE:595X SUNRISE TO MIAMI/BRICKELL,33,151,30,,,5,1.2,SV,,,16
466 , M16L902MA , RTE:595X MIAMI/BRICKELL to SUNRISE,33,151,,,30,5,,SV,,,16
467 , M33L36BO , RTE 36: WB                      ,31,392,20,20,20,,1.2,TAW  ,36   ,7642 ,33   
468 , M14L2MD , STAGE 2 Orange Line: MIC -> DADELAND SO,25,121,10,15,10,1,1.2,SKS  ,MR   ,59400,14   
469 , M243LFIUMICMO , BRT: FIU TO MIC,24,252,20,30,20,,1.2,SV   ,8    ,7598 ,26
470 , M243LFIUMICMI , BRT: FIU TO MIC,24,252,20,30,20,,1.2,SV   ,8    ,7598 ,26
471 , M22LMICMD , APM: Airport People Mover - MIA to MIC,26,281,2,1,1,2,1.2,SKS  ,DPM  ,28546,22   
